run_id,n_samples,u2_max_raw,u3_max_raw,u4_max_raw,u2_pct_abs_gt65_raw,u3_pct_abs_gt65_raw,u4_pct_abs_gt65_raw,struct_channels_for_u_max
MD_2025_05_06_09_08_25,14738,0.16140000522136688,3.1649999618530273,662.8200073242188,0.0,0.0,0.022319295611221077,LWA_3
MD_2025_05_06_10_43_20,16641,0.03158000111579895,6.485000133514404,751.3699951171875,0.0,0.0,0.025066121663861504,LWA_3
MD_2025_05_06_12_05_10,10397,167.86000061035156,12.100000381469727,269.4800109863281,0.00048090795421756275,0.0,0.014042512263152833,LWA_3
MD_2025_05_06_13_43_17,16130,0.2955000102519989,18.270000457763672,205.2899932861328,0.0,0.0,0.008989460632362058,LWA_3
MD_2025_05_06_16_07_15,30301,0.5694000124931335,23.780000686645508,276.9200134277344,0.0,0.0,0.005776721462995973,LWA_3
MD_2025_05_06_17_39_40,26489,0.711899995803833,30.1200008392334,672.0999755859375,0.0,0.0,0.004798246939700771,LWA_3
MD_2025_05_06_18_30_51,15277,0.44859999418258667,35.11000061035156,468.6400146484375,0.0,0.0,0.00799423366751851,LWA_3
